UserID,Username
7562902,mrekk
14715160,cryshina
10549880,NINERIK
9269034,Accolibed
15406985,femboyvaxa
11367222,lifeline
13108233,milosz
4175698,sytho
12779141,gnahus
21207816,bored yes
13211727,NyanPotato
12137295,jahkon
8251785,killer2007
11496364,JappaDeKappa
6404583,PLOXARU
19851850,cloppit
6725771,ferret irl
9970083,cloutiful
12952320,aimbotcone
11626318,reused
13962152,creator
7341183,ASecretBox
5033077,Zylice
5199332,Chicony
8640970,NLE CHOPPA
17730661,OnlyHadley
25444680,originset
13609904,PinkEyeFan2013
9074780,atlas
15296720,freezes
17235399,superi0r
9938943,aknzx
16817965,Kamensh1k
9224078,FlyingTuna
10077431,plambob
12873118,smozhen
2675255,hqshe
8816345,Vudek
12258658,nujabes
7525949,shimon
4108547,WindowLife
12834269,El Merami
10651184,MINHOCA LOKA
13051015,Zoxeim
6600930,yamss
10323184,Flaro
8868635,Egor
9642774,lovetachyon
15119977,MouseR1ez
8856806,ChocoPafe
7918057,Shyot73
19072684,nehemiah
13300203,yary
13216706,gwb
11885405,xan_ly
12408961,MALISZEWSKI
14676719,TTv_UFO
11415687,Kurumiw
8007528,Raikouhou
20120615,Pipipupu997
13767572,Saiyku
2291265,[MG]Arnold24x24
4504101,WhiteCat
6114695,ciru
21619075,def
11383358,Drxvmik
2558286,Rafis
8075782,ratcho
12130906,[ Master ]
12204079,Blah
10916561,suurii
22082286,Weetab
3717598,xootynator
11443437,[Karcher]
9993348,ur cute
8799923,Suyong_
7512553,Utami
7813296,rektygon
9896317,RyooYamada
7959222,majoreh
7342622,Freddie Benson
10933605,haxor
22274174,CUPSIZEFAN
9849451,NaPiii_
6937470,kazamabc
5339515,Mathi
2165650,mcy4
14097024,RhythmicRS
9997093,kacper
11552867,Welter
2546001,Intercambing
1719471,EZChamp
1419095,Aricin
16900233,awesome sauce
10760701,hexi
15293080,Kyujin
17707250,aspen
8660293,willy0214
4787150,Vaxei
5218178,MALTESER
14733785,dawza
15780777,big_tatik
7280590,-DEVN
10145045,Juh
14215850,bunnylikemoney
17104779,Barbone
6304246,puppy
4882979,Dereban
12605572,f8t
5981005,gamer228666
11604978,perthed again
3893786,Tofunim
6524092,VoProSSoFF
18903701,Dreamz
24409289,Choofy
27214524,Salih_Ege
7627844,Mahmood
14733798,Zeaqk
9902255,Apostol
2932510,wuhua
11592896,fudge
124493,chocomint
18441629,aim1trick
11930908,AdrianLabubu67
10333154,synoxa
16320893,Dever
18604347,Chamqp
11829390,sakuraskip
9072586,Andros
12169267,315
2590257,wudci
7025429,MyAngelMiku
17446380,bananachi
3498155,Zaqqy
13065919,R1cho
8082362,TrickyPugster
5182050,Bubbleman
7883418,WakaiYuki
15587374,ULTRABAYMAX1562
7068158,JapWhite
13286326,yukarimybeloved
16800870,zekrachi
30751112,Bibero
14573462,leancat
11375105,lolol233
13204938,Lolu
15339747,runnysunny
14272451,Juztan
8472976,hyeok2044
12159899,MineFrostID
7780605,Fleh
5645231,decaten
14992852,lil bread
12637617,sylriu
18802561,Zoomeree
14764185,Mike Tyson
4256461,Riot
13287112,Salikuu
5774823,Rupertion
7724148,hoanito
6788821,Dempsey
1334384,T A K A O
11269055,Swiq
24371637,Thornnn
10188022,-Hirata
11806306,Zyntex
10903510,trumpatino69
28071599,etternia
12197743,kotkotyar
7613309,matcha
1876565,Mastasz
9747255,Fobxx
7784120,Sodor
5319959,Master Oogway
12482926,zoomiee
8116659,criller
8443945,FlasTEH
17202789,YMD
4581069,etn
14970132,SaintSFT
2766034,Umbre
16270893,im a fancy kids
10613549,Shirosora
3345902,Varvalian
15537476,k4rnu1
10162611,LAZER DIM 700
4959454,A]]
15428284,nase
19776980,Willy William
13735210,TheKusoAimer
12155780,vixylium
11243772,reimia
11553627,Jemzsee
10083084,Librarian
2094566,FGSky
2012453,PikaPwn
18351160,Stixe
11113213,Melxdy
15816872,Ledeau_Fox
10077132,monte
11215030,Arge
10380158,jabahh
9099771,freed0my
11410238,me slow
14897088,wooting
9227895,LordGabriel
15225729,-IZZY
7075211,tekkito
8105138,nejzha
11584669,marzey
31144837,muccher
2572468,Nongsa
10743390,RafaMat
12686213,Reimu Hakurei
7892320,Zeisen Udongein
6360447,jop
16085078,arekk
12052880,Jorlando
8901306,C-L
10092099,Pablohh
13705417,GET LOVED
8481621,gabyyy
4209965,Bonk
11875189,-L U C K Y-
9712285,desuqe
13872859,doctor mojo
6646269,1v9
6142837,NoSin
12011739,trxlcv
12699987,cxyd_n
12976255,NYASH
12632867,Neinja
8133880,_fefe
14249222,Ethan2222
13057699,z9a
7216681,RAMTIN
12366071,nanoya
612898,nicki1324
3765989,okinamo
19618102,shiromisu
2511839,Amamya Kokoro
17663097,KappaMarz
5447609,Demonical
16864309,Phoenix98
14385814,Tim Kackner
5527745,Abyssal
8696866,nicebroccoli
17673584,Skillertvv
4787223,queue
13214651,Cellinia
13016277,iryl
7027766,Chipori
8975836,Snowy LP
9820878,Kotsik
16359045,Vayge
10954912,Seviade
13304804,sarboggly
17117482,Pabloniichan
12241010,Tutel
9694263,Skrowell
7410343,Xaver
18946207,nekore
8335950,Reedkatt
3171691,BTMC
10717635,Hakui Koyori
6806754,Ashdoll
11684622,Sh4rq_
16616677,CyberOni
8655635,Homutan
1492995,zonelouise
8581210,8581210
6787940,Cole Cassidy
18284065,Oscar con boina
7959945,calebshucks
21811804,Akuma no Tenshi
20263707,bob man
4682646,maxbireo
13380270,Kama
7972980,-Din-
11405263,Fametime
19256705,Cymango
11307733,nemroz
6619303,Cracento
10890712,Tonnisdk
7818990,Cheyne
12958376,EXTERNALIZATION
25927812,anmear
10073635,dench
17724014,alfiu
14277157,Nailer
12389546,eloj
1473890,badeu
4511522,Doomsday fanboy
18131614,polski1
11195861,GodRoPoNiKa
9313951,Tsuwagi
11159039,Yseri
9650310,Asckar
6123428,Vamhi
7178423,Teacchyyy
16756305,judah1224
12111972,pluk
18153252,z10a
1860489,_Shield
11424586,nixie
11417993,Jarran
11663882,Jorikawa
9942252,Paraqeet
11399348,fragranceofpage
11596326,Happinator
11351654,Epes
21435330,status
11113067,Tofy
7806847,suly
3126596,Mlaw
14503423,misha awa
9459674,maxim
11198996,A21
7631179,Kepler
18414466,CosmoXR
6574823,haga1115
12353810,papercandle
12378737,Ryugia
16866418,resha
13266755,Xiel
4734703,NathanRam1918
9561644,AllyrD
2768421,Furude Rika
9414229,Pinguinzi
15567583,MYKEYBOARD
8359561,ronipan
10199538,SL1PER
4196808,Karthy
2562987,azr8
11652827,jixxi
7728757,-ZooM-
27758743,Remirakk
11120124,Xqeer
6735738,A L E P H
11878480,pomidor0033
3328742,Trail Mix
4650315,idke
12667143,Rykic
8181420,big snag
6942259,Rebo
17462509,MiMiTooU
20250190,orngoos
6800152,lPogonyuto
7961288,Kluchen
23179637,ozbert
11558207,shime
15541726,RandomerZ
11538636,nbob
2323131,fedoragoose
16870029,vljoy209
10240089,Kelathis
12970596,Gurbzy
16117538,Chino-
3149577,Coreanmaluco
11509631,Hagawobla
13733307,makux
9217468,Aseridan
5477343,kurtis-
6591496,SadnessWillSear
9203793,xep
9211924,Melvr
16139008,sharytory
18112324,riwoto
13618032,815
7371294,WhatSkill
1650010,Aireu
3145033,HUNDUR
16338421,Relixto
9331403,karomi
12479148,shiroude
13006426,hearts
11403899,SanyaVsunya
23417038,Arash
13207763,Flameztear
9254536,khz
5371497,Alumetri
10809844,xymbii
4301976,Hifkil
9704802,zekk
11584075,ganjanov
6404488,bocchicookie
9052194,Allegrissimo
13470496,9I DePeBO
10145502,WooperFan1
9915885,lolkek278
18897621,Xemtin
17999723,Bugha
8195473,cyo
11948617,Saymel
11548737,Yezman
7587734,Failing
15493529,XxJoeSwag727xX
7940696,pundice
15743842,ILX
19469420,Ahwokn
16844298,EndlessRhythmic
11226645,JackPaX
11692680,lolowyo
18323396,golem de caca
21958501,fuzzyu
3876402,FlySlime
5455713,SrChispa
13872272,Sobu
15734664,Sirboks
13510304,ohtsuki
29076626,octik
5783061,-Spartan
6387149,kusuriya
3506793,Viveliam
8788058,Jakson
7341471,Seiong
6922333,yadon
9067591,MightyDoc
25964641,xadrr
10223298,VITORSKULL
6668666,Cappy
18922516,viciobylike
13571078,DOODOOGHOST
18371932,-aico
25491754,tas123
9682576,Tonttu81
22710559,Sp1cyy
11758404,Belladonna
8766780,Hera_
10196805,angelkanna
4908650,im a fancy lad
14017762,Hinamon
7908994,dlwlrma-
10806437,FlipRopiik
19998548,suntanCTM
15908405,My Angle Okayu
7440783,Aerora
11800154,Sherbet
25417051,-hayni
13062430,marcel7
8769858,Yonannas
11481765,RafuNa
5423872,ruirui
4916057,Stoof
17649390,jqp0s6jk
10270787,Mekeyo
15556397,yodeston
12420904,gakuw
12118967,Zentoro_
10069909,GNX
12701607,noncycle
6567297,lowskilluser
5155973,Rizer
4928776,AxewB
7657831,justman
9256771,gilraen
18014081,meridian
15135237,cenise
13596160,gheanfoil
9513980,Tartis
7611178,coughing baby
5496627,Mac
2553519,Camberos
16083856,F3n1X
16395194,Taylan_
4141918,Thundur
19827029,fallenbtw
3189069,dnfd
11410595,Niali
22536015,shwq
11553201,RafeuX
12048368,Hy_Ping
4170932,Red_Pixel
14494895,tonaltwister
8702650,Isak-
22316482,i suck LMAO
6404027,Bartek22830
10746970,Sawitar
11987104,Eagle5324
14633196,r_kt
12179012,Rinnu
4309566,Drox-
8682683,Stunar
18357552,Nuni
10572078,WEEEEEEEIIIIIII
13056953,Toy0Ta
18361419,Slimey26532
4687701,Dropinx
11919665,Hatted
12739835,villix
3673698,redbaby
6951444,Fjell
19526828,Icarussy
11141578,Emilbus
12252724,honque
6824840,rebella
4637369,Petit
754565,Dustice
13783044,Gulbang
7469192,nobully
